{
  "comparison-3d-wallclock::test_mmg3d_executable_wallclock": {
    "threshold_seconds": 1.7853396027195902,
    "baseline_mean": 1.6058345487399912,
    "baseline_std": 0.059835017993199666,
    "cv_percent": 3.7261010507059313
  },
  "comparison-3d::test_mmg_script": {
    "threshold_seconds": 1.7941543029897844,
    "baseline_mean": 1.6071069852399773,
    "baseline_std": 0.062349105916602345,
    "cv_percent": 3.8795865172157296
  },
  "comparison-3d::test_python_api_file_based": {
    "threshold_seconds": 0.9423582262447951,
    "baseline_mean": 0.8653383856200089,
    "baseline_std": 0.025673280208262098,
    "cv_percent": 2.966848649602823
  },
  "comparison-3d::test_python_api_in_memory": {
    "threshold_seconds": 0.8699100178482678,
    "baseline_mean": 0.8172729164999964,
    "baseline_std": 0.017545700449423784,
    "cv_percent": 2.146859402188921
  },
  "autodetect-exe::test_mmg3d_executable_direct": {
    "threshold_seconds": 1.7027845786994569,
    "baseline_mean": 1.6055662119800338,
    "baseline_std": 0.03240612223980772,
    "cv_percent": 2.0183609992541816
  },
  "autodetect-exe::test_mmg_script_autodetect": {
    "threshold_seconds": 1.7236430761104171,
    "baseline_mean": 1.6163278454000085,
    "baseline_std": 0.03577174357013617,
    "cv_percent": 2.2131490014195347
  },
  "autodetect-api::test_mmgmesh3d_direct": {
    "threshold_seconds": 0.8723703134929838,
    "baseline_mean": 0.8219477276000242,
    "baseline_std": 0.016807528630986536,
    "cv_percent": 2.04484154729185
  },
  "autodetect-api::test_mesh_autodetect": {
    "threshold_seconds": 0.8804515642577477,
    "baseline_mean": 0.8265031571200098,
    "baseline_std": 0.01798280237924597,
    "cv_percent": 2.175769351191339
  },
  "comparison-2d::test_mmg2d_executable": {
    "threshold_seconds": 0.8247269089373254,
    "baseline_mean": 0.7632438570999949,
    "baseline_std": 0.0204943506124435,
    "cv_percent": 2.685164174175394
  },
  "comparison-2d::test_mmg_script_2d": {
    "threshold_seconds": 0.8243880528967891,
    "baseline_mean": 0.7663008122999929,
    "baseline_std": 0.019362413532265383,
    "cv_percent": 2.526737962622092
  },
  "comparison-2d::test_python_api_2d_in_memory": {
    "threshold_seconds": 0.009111774627562276,
    "baseline_mean": 0.008510397080136812,
    "baseline_std": 0.00020045918247515461,
    "cv_percent": 2.355462155144611
  },
  "comparison-surface::test_mmgs_executable": {
    "threshold_seconds": 0.8683710765876482,
    "baseline_mean": 0.809787793740004,
    "baseline_std": 0.019527760949214747,
    "cv_percent": 2.4114664483920913
  },
  "comparison-surface::test_mmg_script_surface": {
    "threshold_seconds": 0.8861989872628994,
    "baseline_mean": 0.8202399508399821,
    "baseline_std": 0.021986345474305728,
    "cv_percent": 2.6804772739721097
  },
  "comparison-surface::test_python_api_surface_in_memory": {
    "threshold_seconds": 0.06508883040489329,
    "baseline_mean": 0.06115375930358359,
    "baseline_std": 0.0013116903671032307,
    "cv_percent": 2.1449055332668094
  },
  "io-3d-write::test_save_mesh_file": {
    "threshold_seconds": 0.002715523464149371,
    "baseline_mean": 0.002613286899711926,
    "baseline_std": 3.407885481248168e-05,
    "cv_percent": 1.3040609822150924
  },
  "io-3d-read::test_read_mesh_file": {
    "threshold_seconds": 0.044611269040342356,
    "baseline_mean": 0.041416682414191525,
    "baseline_std": 0.0010648622087169432,
    "cv_percent": 2.57109489859107
  },
  "io-2d-write::test_save_mesh_file": {
    "threshold_seconds": 0.0063425480667839255,
    "baseline_mean": 0.0060401053401533825,
    "baseline_std": 0.00010081424221018092,
    "cv_percent": 1.6690808608914236
  },
  "io-2d-read::test_read_mesh_file": {
    "threshold_seconds": 0.004408459491628681,
    "baseline_mean": 0.004049365657789332,
    "baseline_std": 0.00011969794461311664,
    "cv_percent": 2.9559677917173643
  },
  "io-surface-write::test_save_mesh_file": {
    "threshold_seconds": 0.003863205216303242,
    "baseline_mean": 0.003629678924434152,
    "baseline_std": 7.784209728969665e-05,
    "cv_percent": 2.1446000847535522
  },
  "io-surface-read::test_read_mesh_file": {
    "threshold_seconds": 0.016691618687123485,
    "baseline_mean": 0.015598134569803255,
    "baseline_std": 0.00036449470577340975,
    "cv_percent": 2.336783954146943
  },
  "io-pyvista-3d::test_to_pyvista": {
    "threshold_seconds": 0.0011244357979274724,
    "baseline_mean": 0.0010857684921158062,
    "baseline_std": 1.2889101937222072e-05,
    "cv_percent": 1.187094857772622
  },
  "io-pyvista-3d::test_from_pyvista": {
    "threshold_seconds": 0.04008013632416639,
    "baseline_mean": 0.03724651660068164,
    "baseline_std": 0.0009445399078282504,
    "cv_percent": 2.5359147486317277
  },
  "io-pyvista-surface::test_to_pyvista": {
    "threshold_seconds": 0.0005335039381679805,
    "baseline_mean": 0.0005082536156910235,
    "baseline_std": 8.416774158985663e-06,
    "cv_percent": 1.6560185504125111
  },
  "io-pyvista-surface::test_from_pyvista": {
    "threshold_seconds": 0.015804260777520198,
    "baseline_mean": 0.014371163836964816,
    "baseline_std": 0.00047769898018512743,
    "cv_percent": 3.3240103975184883
  },
  "io-data-access::test_get_vertices_3d": {
    "threshold_seconds": 1.2160796063955346e-05,
    "baseline_mean": 1.1144595098418379e-05,
    "baseline_std": 3.387336551789888e-07,
    "cv_percent": 3.0394433551656017
  },
  "io-data-access::test_get_elements_3d": {
    "threshold_seconds": 4.041916587931661e-05,
    "baseline_mean": 3.681619555647562e-05,
    "baseline_std": 1.2009901076136618e-06,
    "cv_percent": 3.2621244250274497
  },
  "io-data-access::test_get_vertices_with_refs": {
    "threshold_seconds": 1.2385036081383343e-05,
    "baseline_mean": 1.1825313596504116e-05,
    "baseline_std": 1.8657416162640896e-07,
    "cv_percent": 1.577752336999886
  },
  "mesh-construction-3d::test_construct_from_arrays_small": {
    "threshold_seconds": 0.041620377579692114,
    "baseline_mean": 0.036212188676335605,
    "baseline_std": 0.0018027296344521693,
    "cv_percent": 4.978239925139459
  },
  "mesh-construction-3d::test_construct_from_arrays_medium": {
    "threshold_seconds": 0.039077616981730366,
    "baseline_mean": 0.03583205855159039,
    "baseline_std": 0.001081852810046658,
    "cv_percent": 3.019231531141379
  },
  "mesh-construction-3d::test_construct_from_arrays_large": {
    "threshold_seconds": 0.04192506461799825,
    "baseline_mean": 0.037090700490478495,
    "baseline_std": 0.00161145470917325,
    "cv_percent": 4.344632718885761
  },
  "mesh-construction-2d::test_construct_from_arrays_small": {
    "threshold_seconds": 0.0002862103587109105,
    "baseline_mean": 0.00026186929561464493,
    "baseline_std": 8.113687698755184e-06,
    "cv_percent": 3.0983730565705274
  },
  "mesh-construction-2d::test_construct_from_arrays_medium": {
    "threshold_seconds": 0.0003257941401884115,
    "baseline_mean": 0.00030090967086603105,
    "baseline_std": 8.294823107460148e-06,
    "cv_percent": 2.7565824267419816
  },
  "mesh-construction-2d::test_construct_from_arrays_large": {
    "threshold_seconds": 0.00045456074413005213,
    "baseline_mean": 0.00042715153261377585,
    "baseline_std": 9.13640383875876e-06,
    "cv_percent": 2.138913978103354
  },
  "mesh-construction-surface::test_construct_from_arrays_small": {
    "threshold_seconds": 0.011111633058402756,
    "baseline_mean": 0.00983684191098454,
    "baseline_std": 0.0004249303824727385,
    "cv_percent": 4.319784604835725
  },
  "mesh-construction-surface::test_construct_from_arrays_medium": {
    "threshold_seconds": 0.011142865755612612,
    "baseline_mean": 0.009908435766266599,
    "baseline_std": 0.00041147666311533784,
    "cv_percent": 4.152791346906801
  },
  "mesh-construction-surface::test_construct_from_arrays_large": {
    "threshold_seconds": 0.01103473577423261,
    "baseline_mean": 0.00998086659456213,